"destination","source_worktree","source_relative_path","source_sha256","public_sha256","sanitised"
"src/analyse_threshold_sensitivity.py","cert-r42-paper-explainability-robustness","scripts/analyse_threshold_sensitivity.py","336278a308e82a4f75838442f44fabedff44a4d7b5a50d13237ce8dd2df89ffe","336278a308e82a4f75838442f44fabedff44a4d7b5a50d13237ce8dd2df89ffe","no"
"src/audit_cert_dataset_readiness.py","cert-r42-paper-explainability-robustness","scripts/audit_cert_dataset_readiness.py","8EC8DE88ED47D352C14F3F20273963E57CF5DE25827194199889B31FBCAA4AD0","8EC8DE88ED47D352C14F3F20273963E57CF5DE25827194199889B31FBCAA4AD0","no"
"src/audit_objective3_explainability_robustness.py","cert-r42-paper-explainability-robustness","scripts/audit_objective3_explainability_robustness.py","5ecbcc210ce4157696e12008e9ee6655d2dcd45252659bc6657948a27eb36f10","6d04b12b1472bfb2edcc054182667868101924ffe3ec4e203504304647ea6acc","no"
"src/cert_data_quality.py","cert-r42-paper-explainability-robustness","scripts/cert_data_quality.py","5a12e0533d729f3036f5668307871ce01abe2ee313a24c79565dc9a54ae06209","5a12e0533d729f3036f5668307871ce01abe2ee313a24c79565dc9a54ae06209","no"
"src/cert_ground_truth.py","cert-r42-paper-explainability-robustness","scripts/cert_ground_truth.py","47a243b921e76c77dd0a7a30af77f343db94c6aff115f72c7b032f8805c7d072","47a243b921e76c77dd0a7a30af77f343db94c6aff115f72c7b032f8805c7d072","no"
"src/cert_schema_audit.py","cert-r42-paper-explainability-robustness","scripts/cert_schema_audit.py","611b0965dd6df0c09003a2ea27ad338d1595179d093a39b00f1a7fcd06309f9b","611b0965dd6df0c09003a2ea27ad338d1595179d093a39b00f1a7fcd06309f9b","no"
"src/check_and_densify_user_day_intervals.py","cert-r42-paper-explainability-robustness","scripts/check_and_densify_user_day_intervals.py","69944c0f8a8ec37d3078129e6337f836d1d04dcf980e974200294bd665adce5f","69944c0f8a8ec37d3078129e6337f836d1d04dcf980e974200294bd665adce5f","no"
"src/close_objective2_architecture_candidates.py","cert-r42-paper-explainability-robustness","scripts/close_objective2_architecture_candidates.py","a49d127a03ea634a663f7d288abb60f5f0251e44041d5d536317af7a367a10b2","a49d127a03ea634a663f7d288abb60f5f0251e44041d5d536317af7a367a10b2","no"
"src/compare_temporal_windows.py","cert-r42-paper-explainability-robustness","scripts/compare_temporal_windows.py","7a92e5eee7762866fa6120e324bf268e1cbd0e5b96cba9e1d8b9c7426b950179","7a92e5eee7762866fa6120e324bf268e1cbd0e5b96cba9e1d8b9c7426b950179","no"
"src/compare_threshold_selection_criteria.py","cert-r42-paper-explainability-robustness","scripts/compare_threshold_selection_criteria.py","7464dddeb45e7ba718b3b4c4618cb3ce8a182c5ddb63e972336d07542a6dc73c","7464dddeb45e7ba718b3b4c4618cb3ce8a182c5ddb63e972336d07542a6dc73c","no"
"src/consolidate_objective2_final.py","cert-r42-paper-explainability-robustness","scripts/consolidate_objective2_final.py","a5a0f3560dcd2d64b5c3065be0eef66654de0d5787c19f292eeaff0e18d3b179","a5a0f3560dcd2d64b5c3065be0eef66654de0d5787c19f292eeaff0e18d3b179","no"
"src/consolidate_objective2_validation.py","cert-r42-paper-explainability-robustness","scripts/consolidate_objective2_validation.py","5309ea96cb6bfcdf07c37e2549931077929ed1b9c1a98623e1d37d01fe13c6be","5309ea96cb6bfcdf07c37e2549931077929ed1b9c1a98623e1d37d01fe13c6be","no"
"src/create_event_level_labels.py","cert-r42-paper-explainability-robustness","scripts/create_event_level_labels.py","f4f1168a95d3a1cb6fd87f8c8ee5c81804217203c12397723cd81cfe851635aa","f4f1168a95d3a1cb6fd87f8c8ee5c81804217203c12397723cd81cfe851635aa","no"
"src/create_interval_level_representation.py","cert-r42-paper-explainability-robustness","scripts/create_interval_level_representation.py","a89ba0d1b9081b10b1311109cf4aa492e77b6f2762cb54aa25680b10f1a9701c","a89ba0d1b9081b10b1311109cf4aa492e77b6f2762cb54aa25680b10f1a9701c","no"
"src/create_sequence_feature_table.py","cert-r42-paper-explainability-robustness","scripts/create_sequence_feature_table.py","e9a63f4fc5b43d54a737451901ff821f7d2f94dee2f37b9d9ffc8af7dcb58655","e9a63f4fc5b43d54a737451901ff821f7d2f94dee2f37b9d9ffc8af7dcb58655","no"
"src/create_sequence_tensors.py","cert-r42-paper-explainability-robustness","scripts/create_sequence_tensors.py","a1f102ca6486eb6fe0d370817e1559925a72597e29623bd2d7e1109a4f45c14a","a1f102ca6486eb6fe0d370817e1559925a72597e29623bd2d7e1109a4f45c14a","no"
"src/create_sliding_window_sequences.py","cert-r42-paper-explainability-robustness","scripts/create_sliding_window_sequences.py","0f03ecab814136587526f256002bfcf593a194e45e0ac974f77ffeb605f65701","0f03ecab814136587526f256002bfcf593a194e45e0ac974f77ffeb605f65701","no"
"src/create_unified_event_stream.py","cert-r42-paper-explainability-robustness","scripts/create_unified_event_stream.py","0b483ee994dfc9f5fe67d0f485125de1243b19ac7783b25403d3f194f87149a2","0b483ee994dfc9f5fe67d0f485125de1243b19ac7783b25403d3f194f87149a2","no"
"src/dataset_registry.py","cert-r42-paper-explainability-robustness","scripts/dataset_registry.py","09fe79e409f68afdd934b08654406aaa9aa310c2500fc9f3eb9a195e13d678f4","2ed05761111e5e0c5d376972d09a68f3d2248e0f69dd3fa07674fa467c2be63d","environment-variable dataset roots"
"src/evaluate_locked_objective2.py","cert-r42-paper-explainability-robustness","scripts/evaluate_locked_objective2.py","54e9d153ba15cae7c81e5d75b32c47d74548d0eb36526a18ce73151fd0d07d69","54e9d153ba15cae7c81e5d75b32c47d74548d0eb36526a18ce73151fd0d07d69","no"
"src/find_ground_truth.py","cert-r42-paper-explainability-robustness","scripts/find_ground_truth.py","554019bbf04cce6473fd734772a3dd0dbdd722f2d258c43e99778819dd4fc41f","554019bbf04cce6473fd734772a3dd0dbdd722f2d258c43e99778819dd4fc41f","no"
"src/generate_objective2_report_assets.py","cert-r42-paper-explainability-robustness","scripts/generate_objective2_report_assets.py","5D7BFCD591CDF7D42AB722A533E44DCAEA3160C1382ED0091DC57642DF368DCC","5D7BFCD591CDF7D42AB722A533E44DCAEA3160C1382ED0091DC57642DF368DCC","no"
"src/generate_odst_inference_integration_reports.py","cert-r42-paper-explainability-robustness","scripts/generate_odst_inference_integration_reports.py","66ee5e791505d5b88adfc2f255083e09c5320c26936ec3e71f8f8cd073ec4a7a","66ee5e791505d5b88adfc2f255083e09c5320c26936ec3e71f8f8cd073ec4a7a","no"
"src/generate_odst_loader_port_reports.py","cert-r42-paper-explainability-robustness","scripts/generate_odst_loader_port_reports.py","0308d6efa33ff82fe99c9824062da788f54b45028f86ab0e9e4d018ce56ab0d6","9756077224b4ed79d60fa09dcafefd05839a794417f8c500b13a3ea0a2d107ed","no"
"src/match_malicious_event_ids.py","cert-r42-paper-explainability-robustness","scripts/match_malicious_event_ids.py","46cd1cf060f1e61a022b53f2e918379750c3f4f0cf9fe7b686c6c2e3d4a282ce","46cd1cf060f1e61a022b53f2e918379750c3f4f0cf9fe7b686c6c2e3d4a282ce","no"
"src/models/__init__.py","cert-r42-teacher-anchored-odst","scripts/models/__init__.py","371aaaa607048bceb0241cf53b5c39dd39a1e4ffa86454c2b6b67b2103b1087d","371aaaa607048bceb0241cf53b5c39dd39a1e4ffa86454c2b6b67b2103b1087d","no"
"src/models/sequence_ensemble.py","cert-r42-teacher-anchored-odst","scripts/models/sequence_ensemble.py","2ca900135b03f90b435f50680616b4a87d6501a33c3e41563e690062316ccce2","2ca900135b03f90b435f50680616b4a87d6501a33c3e41563e690062316ccce2","no"
"src/models/sequence_ensemble_v2.py","cert-r42-teacher-anchored-odst","scripts/models/sequence_ensemble_v2.py","79843f52310879c59e7466c06936ef16fa42fbfde388f6d61e3bb008eab0e9c0","79843f52310879c59e7466c06936ef16fa42fbfde388f6d61e3bb008eab0e9c0","no"
"src/objective2_end_to_end_refinement/__init__.py","cert-r42-teacher-anchored-odst","scripts/objective2_end_to_end_refinement/__init__.py","4f6071a26ded82cb03eeae202e84825d44146bb4cfae999939edd6c74579e85a","4f6071a26ded82cb03eeae202e84825d44146bb4cfae999939edd6c74579e85a","no"
"src/objective2_end_to_end_refinement/checkpoints.py","cert-r42-teacher-anchored-odst","scripts/objective2_end_to_end_refinement/checkpoints.py","369e396f9786f83db71b3113598ddbe547c92c8aaf4b851181f934419087fba3","369e396f9786f83db71b3113598ddbe547c92c8aaf4b851181f934419087fba3","no"
"src/objective2_end_to_end_refinement/gates.py","cert-r42-teacher-anchored-odst","scripts/objective2_end_to_end_refinement/gates.py","188ae6844cc0e2f8858f955664f64cbc6615470aa002f70774ab4e150decd293","188ae6844cc0e2f8858f955664f64cbc6615470aa002f70774ab4e150decd293","no"
"src/objective2_end_to_end_refinement/probes.py","cert-r42-teacher-anchored-odst","scripts/objective2_end_to_end_refinement/probes.py","336e608a18f596667e0fe9f772be2952f612236b343c1911d17ccd0c06c4df1d","336e608a18f596667e0fe9f772be2952f612236b343c1911d17ccd0c06c4df1d","no"
"src/objective2_end_to_end_refinement/protocol.py","cert-r42-teacher-anchored-odst","scripts/objective2_end_to_end_refinement/protocol.py","f523a3382fc70fda2ab7271bbc59cdaad927452a46c817de42c8fb2072def589","f523a3382fc70fda2ab7271bbc59cdaad927452a46c817de42c8fb2072def589","no"
"src/objective2_end_to_end_refinement/representations.py","cert-r42-teacher-anchored-odst","scripts/objective2_end_to_end_refinement/representations.py","04960072b7aaab1aff2497fae1663f4c0a9db79e8a2abb1f5c6fd0fda614f360","04960072b7aaab1aff2497fae1663f4c0a9db79e8a2abb1f5c6fd0fda614f360","no"
"src/objective2_end_to_end_refinement/safety.py","cert-r42-teacher-anchored-odst","scripts/objective2_end_to_end_refinement/safety.py","5eecc0deb41f2739b5dbc8f4a318db54498e9fae2a4d8de9bef4ab9260e6ddfa","5eecc0deb41f2739b5dbc8f4a318db54498e9fae2a4d8de9bef4ab9260e6ddfa","no"
"src/objective2_end_to_end_refinement/schedules.py","cert-r42-teacher-anchored-odst","scripts/objective2_end_to_end_refinement/schedules.py","e925e462f6535bacb896ed981fe4eac48cce1f4b53e0da1ea1aaa190dcef40ca","e925e462f6535bacb896ed981fe4eac48cce1f4b53e0da1ea1aaa190dcef40ca","no"
"src/objective2_end_to_end_refinement/shared_init.py","cert-r42-teacher-anchored-odst","scripts/objective2_end_to_end_refinement/shared_init.py","ce375e04ac5fce110091d8db94ec42851f041bbd3fa8940cd69637d8080507d9","ce375e04ac5fce110091d8db94ec42851f041bbd3fa8940cd69637d8080507d9","no"
"src/objective2_end_to_end_refinement/train_micro.py","cert-r42-teacher-anchored-odst","scripts/objective2_end_to_end_refinement/train_micro.py","cf101a85aae008dd09b8e6c0577dddfe498faf13510a14a369d679942873a626","cf101a85aae008dd09b8e6c0577dddfe498faf13510a14a369d679942873a626","no"
"src/objective2_locked_common.py","cert-r42-teacher-anchored-odst","scripts/objective2_locked_common.py","55e48a9db6d8f73b2d2c8f132900f3e96937eadd2a037384b328f75c2aab99ec","55e48a9db6d8f73b2d2c8f132900f3e96937eadd2a037384b328f75c2aab99ec","no"
"src/objective2_r52_calibration_alert_burden/__init__.py","cert-r52-calibration-alert-burden","scripts/objective2_r52_calibration_alert_burden/__init__.py","4e08c2f6120d17437bb067f6957a9ba910510133277a6103b07d427071c7bf24","4e08c2f6120d17437bb067f6957a9ba910510133277a6103b07d427071c7bf24","no"
"src/objective2_r52_calibration_alert_burden/__main__.py","cert-r52-calibration-alert-burden","scripts/objective2_r52_calibration_alert_burden/__main__.py","365f1e8e97b7df374eef4162fbacbd3473c325d20f000a75acd1c7254b7ca88f","365f1e8e97b7df374eef4162fbacbd3473c325d20f000a75acd1c7254b7ca88f","no"
"src/objective2_r52_calibration_alert_burden/alert_burden.py","cert-r52-calibration-alert-burden","scripts/objective2_r52_calibration_alert_burden/alert_burden.py","6241a59a3ff829bf8adcd27dbc13c2ce9417844d54d334ac1d9a129de8d915a9","903d72226ae1482a18f37ba7d69ea19d057f52ec4f48e3ede55f3c3a36c16450","no"
"src/objective2_r52_calibration_alert_burden/calibration.py","cert-r52-calibration-alert-burden","scripts/objective2_r52_calibration_alert_burden/calibration.py","ad1650d6c59ea7d7328f7eb010722174346c3578b121b0cf0fed37c02a28376c","ad1650d6c59ea7d7328f7eb010722174346c3578b121b0cf0fed37c02a28376c","no"
"src/objective2_r52_calibration_alert_burden/comparison.py","cert-r52-calibration-alert-burden","scripts/objective2_r52_calibration_alert_burden/comparison.py","3e03b778ee7f6a69c07fe885897652897b587a12e2f8101febaf0701508fa2b8","3e03b778ee7f6a69c07fe885897652897b587a12e2f8101febaf0701508fa2b8","no"
"src/objective2_r52_calibration_alert_burden/constants.py","cert-r52-calibration-alert-burden","scripts/objective2_r52_calibration_alert_burden/constants.py","2e7dbe97125f850375029676ac0aa0edc175fb17cab3375f66bc3814c63f75da","2e7dbe97125f850375029676ac0aa0edc175fb17cab3375f66bc3814c63f75da","no"
"src/objective2_r52_calibration_alert_burden/evidence.py","cert-r52-calibration-alert-burden","scripts/objective2_r52_calibration_alert_burden/evidence.py","b9260d9f21f663e93e3c29418ebf914b1341321617b71f605112ac76c750110c","b9260d9f21f663e93e3c29418ebf914b1341321617b71f605112ac76c750110c","no"
"src/objective2_r52_calibration_alert_burden/figures.py","cert-r52-calibration-alert-burden","scripts/objective2_r52_calibration_alert_burden/figures.py","eb2ddde85a15ac2f588e187b33889c78befa76a3f3eab54dacfbb523582504ab","eb2ddde85a15ac2f588e187b33889c78befa76a3f3eab54dacfbb523582504ab","no"
"src/objective2_r52_calibration_alert_burden/pipeline.py","cert-r52-calibration-alert-burden","scripts/objective2_r52_calibration_alert_burden/pipeline.py","b03d19c0890f8340d6bab39275c31edfb99c610f456a6813f775d9149fd8a20d","b03d19c0890f8340d6bab39275c31edfb99c610f456a6813f775d9149fd8a20d","no"
"src/objective2_r52_calibration_alert_burden/reports.py","cert-r52-calibration-alert-burden","scripts/objective2_r52_calibration_alert_burden/reports.py","81944732e712c7ef9c096563537a63d300558532b84ce6291f10fd1f44a1968d","81944732e712c7ef9c096563537a63d300558532b84ce6291f10fd1f44a1968d","no"
"src/objective2_r52_calibration_alert_burden/safety.py","cert-r52-calibration-alert-burden","scripts/objective2_r52_calibration_alert_burden/safety.py","b8058bfff3916deed1d03076880305b5777db66a72863930a6d8b6dd28feda1f","b8058bfff3916deed1d03076880305b5777db66a72863930a6d8b6dd28feda1f","no"
"src/objective2_r52_component_latency_audit/__init__.py","cert-r52-component-latency-audit","scripts/objective2_r52_component_latency_audit/__init__.py","0c398d327acfea346f24ee9fbe867664f2bcfbff1df227853dc2778d93c3d01b","0c398d327acfea346f24ee9fbe867664f2bcfbff1df227853dc2778d93c3d01b","no"
"src/objective2_r52_component_latency_audit/__main__.py","cert-r52-component-latency-audit","scripts/objective2_r52_component_latency_audit/__main__.py","7ef2ca99f6ce7e0118bc43966bb432ec949724c010aacdf56243a6aa6f49e478","7ef2ca99f6ce7e0118bc43966bb432ec949724c010aacdf56243a6aa6f49e478","no"
"src/objective2_r52_component_latency_audit/constants.py","cert-r52-component-latency-audit","scripts/objective2_r52_component_latency_audit/constants.py","e9e977dcb4d811a5296e54a276dbd4ce6107175df903c665161990fa1f964291","e9e977dcb4d811a5296e54a276dbd4ce6107175df903c665161990fa1f964291","no"
"src/objective2_r52_component_latency_audit/pipeline.py","cert-r52-component-latency-audit","scripts/objective2_r52_component_latency_audit/pipeline.py","cb22ee2e3d80ed114f4bf2549c2b6d63879049360a84ac357084adab8477d8a1","cb22ee2e3d80ed114f4bf2549c2b6d63879049360a84ac357084adab8477d8a1","no"
"src/objective2_r52_component_latency_audit/profiling.py","cert-r52-component-latency-audit","scripts/objective2_r52_component_latency_audit/profiling.py","a19c1bfdc2ab01da8320618f7938b732fa0f756189f0b0d126c13515bb35e582","8ddae6de7124f88c38b936305d52225abe1a12f5047cab0e0fa8f67fd38762fc","no"
"src/objective2_r52_component_latency_audit/safety.py","cert-r52-component-latency-audit","scripts/objective2_r52_component_latency_audit/safety.py","d409dbe223c706602336c7204e82ea294282c85a693cc97dffbc1c973a50e62c","d409dbe223c706602336c7204e82ea294282c85a693cc97dffbc1c973a50e62c","no"
"src/objective2_r52_matched_temporal_learning/__init__.py","cert-r52-matched-temporal-learning","scripts/objective2_r52_matched_temporal_learning/__init__.py","2c0cfea4f6e19f4a57188c8818dcbe39f9265fcc9103a6dd08c5c86be0a983c3","2c0cfea4f6e19f4a57188c8818dcbe39f9265fcc9103a6dd08c5c86be0a983c3","no"
"src/objective2_r52_matched_temporal_learning/bootstrap.py","cert-r52-matched-temporal-learning","scripts/objective2_r52_matched_temporal_learning/bootstrap.py","b1cd1de7508ac9094d207a2a1c2dadf0e6183dce62afa798ffdbb52d3d25a679","b1cd1de7508ac9094d207a2a1c2dadf0e6183dce62afa798ffdbb52d3d25a679","no"
"src/objective2_r52_matched_temporal_learning/constants.py","cert-r52-matched-temporal-learning","scripts/objective2_r52_matched_temporal_learning/constants.py","9fdd1bdffb4255b9b8d5bde8ced81cc8691375291e98776ee9e72bf68c3eea43","9fdd1bdffb4255b9b8d5bde8ced81cc8691375291e98776ee9e72bf68c3eea43","no"
"src/objective2_r52_matched_temporal_learning/figures.py","cert-r52-matched-temporal-learning","scripts/objective2_r52_matched_temporal_learning/figures.py","2e59b93f386ea400931bd10d90440952ef8bfef89e672e3b34667da3b5b65679","2e59b93f386ea400931bd10d90440952ef8bfef89e672e3b34667da3b5b65679","no"
"src/objective2_r52_matched_temporal_learning/metrics.py","cert-r52-matched-temporal-learning","scripts/objective2_r52_matched_temporal_learning/metrics.py","7310245d772978abecbb0d152503d201fbb251703ce83650a11609343d89d108","7310245d772978abecbb0d152503d201fbb251703ce83650a11609343d89d108","no"
"src/objective2_r52_matched_temporal_learning/models_forward.py","cert-r52-matched-temporal-learning","scripts/objective2_r52_matched_temporal_learning/models_forward.py","27f261f6b1fc36e372fffd600c916b685c09fd57877aa855a52f2d6bf4775985","27f261f6b1fc36e372fffd600c916b685c09fd57877aa855a52f2d6bf4775985","no"
"src/objective2_r52_matched_temporal_learning/pipeline.py","cert-r52-matched-temporal-learning","scripts/objective2_r52_matched_temporal_learning/pipeline.py","915545f0b26bb4af572a9e499aeba6e1d920c4e03d144f65f26defcc617f3b46","915545f0b26bb4af572a9e499aeba6e1d920c4e03d144f65f26defcc617f3b46","no"
"src/objective2_r52_matched_temporal_learning/reports.py","cert-r52-matched-temporal-learning","scripts/objective2_r52_matched_temporal_learning/reports.py","076ca919dfd06a005afb86b838c370dddd94b153b30d09fb8efa161b20f76569","e8edca68dd2782ac3b490163e26aac2e0c35847659b3fb59f7349eb7b87ea288","no"
"src/objective2_r52_matched_temporal_learning/safety.py","cert-r52-matched-temporal-learning","scripts/objective2_r52_matched_temporal_learning/safety.py","b5b2a44fe32b28247b9305cb5b58cd7d514b197ec25a585fef7108b30d2e0273","b5b2a44fe32b28247b9305cb5b58cd7d514b197ec25a585fef7108b30d2e0273","no"
"src/objective2_r52_matched_temporal_learning/transforms.py","cert-r52-matched-temporal-learning","scripts/objective2_r52_matched_temporal_learning/transforms.py","1dfa307b7f5fed17e9a6b767f1904884885e61f5aa02e84e7da69bdee29c66f3","1dfa307b7f5fed17e9a6b767f1904884885e61f5aa02e84e7da69bdee29c66f3","no"
"src/objective2_r52_odst_8tree_ablation/__init__.py","cert-r52-odst-8tree-ablation","scripts/objective2_r52_odst_8tree_ablation/__init__.py","cadf3b7955ef0eedb658c04ef5a6504244c6b72f5ddd779858674f65142eb2f8","cadf3b7955ef0eedb658c04ef5a6504244c6b72f5ddd779858674f65142eb2f8","no"
"src/objective2_r52_odst_8tree_ablation/__main__.py","cert-r52-odst-8tree-ablation","scripts/objective2_r52_odst_8tree_ablation/__main__.py","7ef2ca99f6ce7e0118bc43966bb432ec949724c010aacdf56243a6aa6f49e478","7ef2ca99f6ce7e0118bc43966bb432ec949724c010aacdf56243a6aa6f49e478","no"
"src/objective2_r52_odst_8tree_ablation/constants.py","cert-r52-odst-8tree-ablation","scripts/objective2_r52_odst_8tree_ablation/constants.py","88c56fbf4bf4e1a136b8f288346457e1674b2292bbf7f882d802c26c93b44dfd","88c56fbf4bf4e1a136b8f288346457e1674b2292bbf7f882d802c26c93b44dfd","no"
"src/objective2_r52_odst_8tree_ablation/fidelity.py","cert-r52-odst-8tree-ablation","scripts/objective2_r52_odst_8tree_ablation/fidelity.py","80bb163feae20703ced7329ebc823786d78bbb26c88489cde02b82b83466c670","80bb163feae20703ced7329ebc823786d78bbb26c88489cde02b82b83466c670","no"
"src/objective2_r52_odst_8tree_ablation/gate.py","cert-r52-odst-8tree-ablation","scripts/objective2_r52_odst_8tree_ablation/gate.py","b364b3ddbd23692cebdc413c6e5dbfcba9e009092ae9951c69ab8968bc3869e9","b364b3ddbd23692cebdc413c6e5dbfcba9e009092ae9951c69ab8968bc3869e9","no"
"src/objective2_r52_odst_8tree_ablation/pipeline.py","cert-r52-odst-8tree-ablation","scripts/objective2_r52_odst_8tree_ablation/pipeline.py","6e03086ca14a47113a4d35c444b7f8f80b26d274a505d815293720507d3a58f1","6e03086ca14a47113a4d35c444b7f8f80b26d274a505d815293720507d3a58f1","no"
"src/objective2_r52_odst_8tree_ablation/safety.py","cert-r52-odst-8tree-ablation","scripts/objective2_r52_odst_8tree_ablation/safety.py","03a98e32c1e90db71ab76211968b9942a339f1899af4cf91bab6a334425411d8","03a98e32c1e90db71ab76211968b9942a339f1899af4cf91bab6a334425411d8","no"
"src/objective2_r52_odst_8tree_ablation/student_train.py","cert-r52-odst-8tree-ablation","scripts/objective2_r52_odst_8tree_ablation/student_train.py","e46a1c1be5aeeac47064031f07b975afed203a22c04a1a5b72d5048b6a39f560","e46a1c1be5aeeac47064031f07b975afed203a22c04a1a5b72d5048b6a39f560","no"
"src/objective2_r52_odst_8tree_ablation/teacher_stage_b.py","cert-r52-odst-8tree-ablation","scripts/objective2_r52_odst_8tree_ablation/teacher_stage_b.py","0e7221d44e2982dc3bce7cae28f899b23d3e84ce3644c5a87c5648d12e0b2ac8","0e7221d44e2982dc3bce7cae28f899b23d3e84ce3644c5a87c5648d12e0b2ac8","no"
"src/objective2_r52_same_information_baselines/__init__.py","cert-r52-same-information-baselines","scripts/objective2_r52_same_information_baselines/__init__.py","9842209420767b4daef6fbe00bc48721538d53c0414bb476c57d23ab1d9e8bd6","9842209420767b4daef6fbe00bc48721538d53c0414bb476c57d23ab1d9e8bd6","no"
"src/objective2_r52_same_information_baselines/analyses.py","cert-r52-same-information-baselines","scripts/objective2_r52_same_information_baselines/analyses.py","b8339010d2dcbe9547209f0c33cdb49e81d2e9ead9934d4a88ee3f34c3620fbc","b8339010d2dcbe9547209f0c33cdb49e81d2e9ead9934d4a88ee3f34c3620fbc","no"
"src/objective2_r52_same_information_baselines/constants.py","cert-r52-same-information-baselines","scripts/objective2_r52_same_information_baselines/constants.py","1e23ddb9e510b3247bb1ac5f033b7cb60b17d8afcd4fa5daad317b784fe4ffcd","1e23ddb9e510b3247bb1ac5f033b7cb60b17d8afcd4fa5daad317b784fe4ffcd","no"
"src/objective2_r52_same_information_baselines/data.py","cert-r52-same-information-baselines","scripts/objective2_r52_same_information_baselines/data.py","647de362e13c91cba0320dc20c968469047fb79e3b9122630c91ae7ca1c4d2e9","647de362e13c91cba0320dc20c968469047fb79e3b9122630c91ae7ca1c4d2e9","no"
"src/objective2_r52_same_information_baselines/evidence.py","cert-r52-same-information-baselines","scripts/objective2_r52_same_information_baselines/evidence.py","0a230a61c4667224e8cd7aab2e2efd25cd73d8cbdb8e3fd6337342deb94473ab","0a230a61c4667224e8cd7aab2e2efd25cd73d8cbdb8e3fd6337342deb94473ab","no"
"src/objective2_r52_same_information_baselines/figures.py","cert-r52-same-information-baselines","scripts/objective2_r52_same_information_baselines/figures.py","c4f1d30fcc4980d7bf394159f02f17414b051f5cb35f412f8528ccdb1559a536","c4f1d30fcc4980d7bf394159f02f17414b051f5cb35f412f8528ccdb1559a536","no"
"src/objective2_r52_same_information_baselines/metrics.py","cert-r52-same-information-baselines","scripts/objective2_r52_same_information_baselines/metrics.py","1eb1524b3e4852f649ca61df26b9813a5b73854787786912323bcefe676b17b6","1eb1524b3e4852f649ca61df26b9813a5b73854787786912323bcefe676b17b6","no"
"src/objective2_r52_same_information_baselines/models.py","cert-r52-same-information-baselines","scripts/objective2_r52_same_information_baselines/models.py","97a7a239c65e09a79e4b07226ac63aaedadf0ad8126214db3c08d29d27528be5","97a7a239c65e09a79e4b07226ac63aaedadf0ad8126214db3c08d29d27528be5","no"
"src/objective2_r52_same_information_baselines/pipeline.py","cert-r52-same-information-baselines","scripts/objective2_r52_same_information_baselines/pipeline.py","20c593a61dbe3ee99c54f05e7ad7d93265d3c578e27d19bb14fbdeab24d94f66","20c593a61dbe3ee99c54f05e7ad7d93265d3c578e27d19bb14fbdeab24d94f66","no"
"src/objective2_r52_same_information_baselines/reports.py","cert-r52-same-information-baselines","scripts/objective2_r52_same_information_baselines/reports.py","59e4ea0cbed53b9594b6e31a600417a7ad96e65685787fc51f5e9c409a2717dc","63bc7c422beef013cb88d4e90f685835fafc5998d7c5332cd7536cca608da877","no"
"src/objective2_r52_same_information_baselines/safety.py","cert-r52-same-information-baselines","scripts/objective2_r52_same_information_baselines/safety.py","4735bfd5eba5c608dbaf53c2ebe3435a65aa2c74b15a433884a471e8d18dc9e3","4735bfd5eba5c608dbaf53c2ebe3435a65aa2c74b15a433884a471e8d18dc9e3","no"
"src/objective2_r52_teacher_anchored_reproducibility/__init__.py","cert-r52-teacher-anchored-reproducibility","scripts/objective2_r52_teacher_anchored_reproducibility/__init__.py","86fbdb2d5e207973484c9c568d59429498932e06f4371d3ec14ed8c7bf928558","86fbdb2d5e207973484c9c568d59429498932e06f4371d3ec14ed8c7bf928558","no"
"src/objective2_r52_teacher_anchored_reproducibility/constants.py","cert-r52-teacher-anchored-reproducibility","scripts/objective2_r52_teacher_anchored_reproducibility/constants.py","d12d36d12ff91c53c2ced3c1328a4fae2f7cd28f7b67a2082b825a0b3084ab2c","d12d36d12ff91c53c2ced3c1328a4fae2f7cd28f7b67a2082b825a0b3084ab2c","no"
"src/objective2_r52_teacher_anchored_reproducibility/data.py","cert-r52-teacher-anchored-reproducibility","scripts/objective2_r52_teacher_anchored_reproducibility/data.py","e6655f379e4ba279f1d7d97c5da5df93e42baad657f24786df409754b8f2c3b6","e6655f379e4ba279f1d7d97c5da5df93e42baad657f24786df409754b8f2c3b6","no"
"src/objective2_r52_teacher_anchored_reproducibility/reports.py","cert-r52-teacher-anchored-reproducibility","scripts/objective2_r52_teacher_anchored_reproducibility/reports.py","daa7a8ed187a0c6def7144793cac6ce48d4e5bcb4ee8824d278499a7213ebed4","daa7a8ed187a0c6def7144793cac6ce48d4e5bcb4ee8824d278499a7213ebed4","no"
"src/objective2_r52_teacher_anchored_reproducibility/safety.py","cert-r52-teacher-anchored-reproducibility","scripts/objective2_r52_teacher_anchored_reproducibility/safety.py","50a47c64cf713985bf0fd68843d478c64f8836d3ef1c1d902d659d5e00d677a5","50a47c64cf713985bf0fd68843d478c64f8836d3ef1c1d902d659d5e00d677a5","no"
"src/objective2_r52_teacher_anchored_reproducibility/status.py","cert-r52-teacher-anchored-reproducibility","scripts/objective2_r52_teacher_anchored_reproducibility/status.py","4e731e8ccdce57e2dfe720b215f7d5612954658074e7816aeac4c01baca5bcb2","4e731e8ccdce57e2dfe720b215f7d5612954658074e7816aeac4c01baca5bcb2","no"
"src/objective2_r52_teacher_anchoring_ablation/__init__.py","cert-r42-feasibility","scripts/objective2_r52_teacher_anchoring_ablation/__init__.py","229d972afff0de0060cd678bf9e24c3c43008780011aa9399a25cb51252b860f","229d972afff0de0060cd678bf9e24c3c43008780011aa9399a25cb51252b860f","no"
"src/objective2_r52_teacher_anchoring_ablation/aggregate.py","cert-r42-feasibility","scripts/objective2_r52_teacher_anchoring_ablation/aggregate.py","d3a84f340e11c40774b2b0239e20eb017dfd3d5a6e40d2a59811c0ad8fc40df8","d3a84f340e11c40774b2b0239e20eb017dfd3d5a6e40d2a59811c0ad8fc40df8","no"
"src/objective2_r52_teacher_anchoring_ablation/constants.py","cert-r42-feasibility","scripts/objective2_r52_teacher_anchoring_ablation/constants.py","f5014b96f1007387909ac0f0f2423ea916c77e046dd7ea57c656111d20a0fde4","f5014b96f1007387909ac0f0f2423ea916c77e046dd7ea57c656111d20a0fde4","no"
"src/objective2_r52_teacher_anchoring_ablation/safety.py","cert-r42-feasibility","scripts/objective2_r52_teacher_anchoring_ablation/safety.py","807b4a401129314531493b978750a0f4a62089c03366cdfa2d31422b92dd8b9e","807b4a401129314531493b978750a0f4a62089c03366cdfa2d31422b92dd8b9e","no"
"src/objective2_teacher_anchored_odst/__init__.py","cert-r42-teacher-anchored-odst","scripts/objective2_teacher_anchored_odst/__init__.py","e5186ad8ba6b69ec8cd8cf653d931f30aa18b157c04cb7dfd7ae73666e5eea65","e5186ad8ba6b69ec8cd8cf653d931f30aa18b157c04cb7dfd7ae73666e5eea65","no"
"src/objective2_teacher_anchored_odst/config.py","cert-r42-teacher-anchored-odst","scripts/objective2_teacher_anchored_odst/config.py","ab17174a29593286f2e14b9c21f9aa4975ac41e70d5b0fa34d9da56430b53eed","ab17174a29593286f2e14b9c21f9aa4975ac41e70d5b0fa34d9da56430b53eed","no"
"src/objective2_teacher_anchored_odst/models.py","cert-r42-teacher-anchored-odst","scripts/objective2_teacher_anchored_odst/models.py","649d3aedf1ad65222e7dc6d2024ac709fb44bd1502e305f8f8c13a840e918907","649d3aedf1ad65222e7dc6d2024ac709fb44bd1502e305f8f8c13a840e918907","no"
"src/objective2_teacher_anchored_odst/safety.py","cert-r42-teacher-anchored-odst","scripts/objective2_teacher_anchored_odst/safety.py","5360134f9477cd9904205d1a97bcd923a551c4ecb52614b857f293542b1203be","5360134f9477cd9904205d1a97bcd923a551c4ecb52614b857f293542b1203be","no"
"src/objective2_teacher_anchored_odst/train.py","cert-r42-teacher-anchored-odst","scripts/objective2_teacher_anchored_odst/train.py","d849f6c9c81376f77b60f7fe062212dbd3dbbb0edcfdcda64e43726b5e775f4d","d849f6c9c81376f77b60f7fe062212dbd3dbbb0edcfdcda64e43726b5e775f4d","no"
"src/objective2_teacher_anchored_odst/viability.py","cert-r42-teacher-anchored-odst","scripts/objective2_teacher_anchored_odst/viability.py","512c065259157ebd69a5c84a11336db48ad37bc11f7ad64bc1af94353ddd5d5d","512c065259157ebd69a5c84a11336db48ad37bc11f7ad64bc1af94353ddd5d5d","no"
"src/objective2_temporal_value_analysis/__init__.py","cert-temporal-value-analysis","scripts/objective2_temporal_value_analysis/__init__.py","8ebefbb7525ba66746e84a8c4634c688c0837d918f84487cb362bad634ae1097","8ebefbb7525ba66746e84a8c4634c688c0837d918f84487cb362bad634ae1097","no"
"src/objective2_temporal_value_analysis/constants.py","cert-temporal-value-analysis","scripts/objective2_temporal_value_analysis/constants.py","b78b89510d906d8c3ae5633ca930b5c46341e20aae788045e2d1777bf9e9ef21","b78b89510d906d8c3ae5633ca930b5c46341e20aae788045e2d1777bf9e9ef21","no"
"src/objective2_temporal_value_analysis/eval.py","cert-temporal-value-analysis","scripts/objective2_temporal_value_analysis/eval.py","ebd907e38ef01399c527526a16e5fad486ac404412268a607926d128ee6e9602","ebd907e38ef01399c527526a16e5fad486ac404412268a607926d128ee6e9602","no"
"src/objective2_temporal_value_analysis/reports.py","cert-temporal-value-analysis","scripts/objective2_temporal_value_analysis/reports.py","fac8c3f591da4277ca571d8bcddf460ac99c833630127f3a17ae56b07224f7e3","fac8c3f591da4277ca571d8bcddf460ac99c833630127f3a17ae56b07224f7e3","no"
"src/objective2_temporal_value_analysis/safety.py","cert-temporal-value-analysis","scripts/objective2_temporal_value_analysis/safety.py","b0a28f4b6bd00fdc26bdaf6990818ca611bf52e609904c0f0fd58e66d5473b25","b0a28f4b6bd00fdc26bdaf6990818ca611bf52e609904c0f0fd58e66d5473b25","no"
"src/objective2_temporal_value_analysis/transforms.py","cert-temporal-value-analysis","scripts/objective2_temporal_value_analysis/transforms.py","9e574e55697a9077b8c7cba0b873155d051cfff23f5d0eb4327ff27cf11d57c9","9e574e55697a9077b8c7cba0b873155d051cfff23f5d0eb4327ff27cf11d57c9","no"
"src/objective3_analysis.py","cert-r42-paper-explainability-robustness","scripts/objective3_analysis.py","5bcfbedd22c4428bf541dbdd89b080e87683ca87086258a9a9f5b9e6cf79f652","5bcfbedd22c4428bf541dbdd89b080e87683ca87086258a9a9f5b9e6cf79f652","no"
"src/objective3_attention_faithfulness.py","cert-r42-paper-explainability-robustness","scripts/objective3_attention_faithfulness.py","90789f3da426387cdf66d3cb47057ee08999de45b19ccf46982c39901fb58160","90789f3da426387cdf66d3cb47057ee08999de45b19ccf46982c39901fb58160","no"
"src/objective3_attention_faithfulness_expanded.py","cert-r42-paper-explainability-robustness","scripts/objective3_attention_faithfulness_expanded.py","8b21f9b10e07a1fe37d2ed7435eb09452f947a31257eb05f41035ad3c7e86711","8b21f9b10e07a1fe37d2ed7435eb09452f947a31257eb05f41035ad3c7e86711","no"
"src/objective3_inference.py","cert-r42-paper-explainability-robustness","scripts/objective3_inference.py","309ce03a56d8e263a128696f6e6cac1eb8665c1af45cfdf8775ab0623903b812","309ce03a56d8e263a128696f6e6cac1eb8665c1af45cfdf8775ab0623903b812","no"
"src/objective3_locked_common.py","cert-r42-paper-explainability-robustness","scripts/objective3_locked_common.py","045baffd84ed60a2101425e788bb7371faf5e97898b0700c68b0db215cab7911","045baffd84ed60a2101425e788bb7371faf5e97898b0700c68b0db215cab7911","no"
"src/objective3_missing_source_robustness.py","cert-r42-paper-explainability-robustness","scripts/objective3_missing_source_robustness.py","fcde8b0e6fc274363e814497d3fe8a859debc4217e6b577b7dcc7f475cc1c834","fcde8b0e6fc274363e814497d3fe8a859debc4217e6b577b7dcc7f475cc1c834","no"
"src/objective3_model_interface.py","cert-r42-paper-explainability-robustness","scripts/objective3_model_interface.py","2eacc2a37531ee88261366a6a9953ea4353129169f550672b83b92cc6cdc6c3c","2eacc2a37531ee88261366a6a9953ea4353129169f550672b83b92cc6cdc6c3c","no"
"src/objective3_model_registry.py","cert-r42-paper-explainability-robustness","scripts/objective3_model_registry.py","d8873206e0e30bd9002c705f68c2bb9b8ba206e693c224ac81a6b51352376f55","d8873206e0e30bd9002c705f68c2bb9b8ba206e693c224ac81a6b51352376f55","no"
"src/objective3_multiseed_native_extraction.py","cert-r42-paper-explainability-robustness","scripts/objective3_multiseed_native_extraction.py","7519750d78e66f9cad448fdfead8db1c5d7978f89a26046d7f67c04d94905f1c","7519750d78e66f9cad448fdfead8db1c5d7978f89a26046d7f67c04d94905f1c","no"
"src/objective3_native_explanation_pilot.py","cert-r42-paper-explainability-robustness","scripts/objective3_native_explanation_pilot.py","6c12a7abdf2098a4d9df838c5bc18374def9ebfc0bb16742788d8a4dec425dba","6c12a7abdf2098a4d9df838c5bc18374def9ebfc0bb16742788d8a4dec425dba","no"
"src/objective3_odst_loader.py","cert-r42-paper-explainability-robustness","scripts/objective3_odst_loader.py","c92bf15821cbb0534f3c457a2db68e2c7c1f1db22134dc5163bb5d2cdef16d2d","c92bf15821cbb0534f3c457a2db68e2c7c1f1db22134dc5163bb5d2cdef16d2d","no"
"src/objective3_perturbations.py","cert-r42-paper-explainability-robustness","scripts/objective3_perturbations.py","3ae0a7fd176eca56f6fd29c4040c641e6dc075601b3ed8c512622299df8b7d36","3ae0a7fd176eca56f6fd29c4040c641e6dc075601b3ed8c512622299df8b7d36","no"
"src/prototype_v2/__init__.py","cert-r42-teacher-anchored-odst","scripts/prototype_v2/__init__.py","122c7fe489c7108c749559b369f8ee99ad1f16637b9020a63b66e34a8e1cc63f","122c7fe489c7108c749559b369f8ee99ad1f16637b9020a63b66e34a8e1cc63f","no"
"src/prototype_v2/architecture.py","cert-r42-teacher-anchored-odst","scripts/prototype_v2/architecture.py","2935258c18826d3f1dd42e1250a80318a1fbfa822f25cacb756019f0632c1560","2935258c18826d3f1dd42e1250a80318a1fbfa822f25cacb756019f0632c1560","no"
"src/prototype_v2/data.py","cert-r42-teacher-anchored-odst","scripts/prototype_v2/data.py","84b3679bf93b64ed0ec5e664007e249b2130682db65cc6567ce20788800117d2","84b3679bf93b64ed0ec5e664007e249b2130682db65cc6567ce20788800117d2","no"
"src/prototype_v2/diagnostics.py","cert-r42-teacher-anchored-odst","scripts/prototype_v2/diagnostics.py","4007b99197865962927b2d688ceb5ccc3f05e182f47d540f8a21fc4e97b7ece6","4007b99197865962927b2d688ceb5ccc3f05e182f47d540f8a21fc4e97b7ece6","no"
"src/prototype_v2/protocol.py","cert-r42-teacher-anchored-odst","scripts/prototype_v2/protocol.py","853dbb392cb14f18147e36e05864ee08b87e39f4a61ee6dbecec5219db18fec5","853dbb392cb14f18147e36e05864ee08b87e39f4a61ee6dbecec5219db18fec5","no"
"src/prototype_v2/safety.py","cert-r42-teacher-anchored-odst","scripts/prototype_v2/safety.py","088e933eb9af8b93a272b969a84d1f401e64f1bc2d0567646c0ba1f040e059f4","088e933eb9af8b93a272b969a84d1f401e64f1bc2d0567646c0ba1f040e059f4","no"
"src/prototype_v3_node/__init__.py","cert-r42-teacher-anchored-odst","scripts/prototype_v3_node/__init__.py","e900ebc41ac01b01f00a30c77599864e710507d2f45d0cce6d10c50894c3ce04","e900ebc41ac01b01f00a30c77599864e710507d2f45d0cce6d10c50894c3ce04","no"
"src/prototype_v3_node/architecture.py","cert-r42-teacher-anchored-odst","scripts/prototype_v3_node/architecture.py","9867b0c266f3b735d138e2d8d53f0d3f5c5c644e25302c10c25e2f4677560abd","9867b0c266f3b735d138e2d8d53f0d3f5c5c644e25302c10c25e2f4677560abd","no"
"src/prototype_v3_node/diagnostics.py","cert-r42-teacher-anchored-odst","scripts/prototype_v3_node/diagnostics.py","59457bdb2d3024ad70c7478ed62e648b2f4610ca7d4db62e2f9785cd58742919","59457bdb2d3024ad70c7478ed62e648b2f4610ca7d4db62e2f9785cd58742919","no"
"src/prototype_v3_node/losses.py","cert-r42-teacher-anchored-odst","scripts/prototype_v3_node/losses.py","6790fc41833ff79d5ae5ff94f23cc3b244868cf36a0d8e405dd086c5acb481aa","6790fc41833ff79d5ae5ff94f23cc3b244868cf36a0d8e405dd086c5acb481aa","no"
"src/prototype_v3_node/odst.py","cert-r42-teacher-anchored-odst","scripts/prototype_v3_node/odst.py","95764ce80a7c80529108d8d6b72f6bd06896c39d065f7e475c12dce8421417bb","95764ce80a7c80529108d8d6b72f6bd06896c39d065f7e475c12dce8421417bb","no"
"src/prototype_v3_node/protocol.py","cert-r42-teacher-anchored-odst","scripts/prototype_v3_node/protocol.py","e62cd1b449c9ae992963cf55042ded7df12b268c39613ec33ece9d1af3872e0d","e62cd1b449c9ae992963cf55042ded7df12b268c39613ec33ece9d1af3872e0d","no"
"src/prototype_v3_node/safety.py","cert-r42-teacher-anchored-odst","scripts/prototype_v3_node/safety.py","710319b50346ea6686f5d13e39b6021fb8a5613d04fec1bb923d27f00215a4c7","710319b50346ea6686f5d13e39b6021fb8a5613d04fec1bb923d27f00215a4c7","no"
"src/prototype_v3_node/train.py","cert-r42-teacher-anchored-odst","scripts/prototype_v3_node/train.py","dacda887dbaef24e5f7608bb6b7504168d4296b2228bdcd518194d0703e9f7fd","dacda887dbaef24e5f7608bb6b7504168d4296b2228bdcd518194d0703e9f7fd","no"
"src/run_baseline_evaluation.py","cert-r42-paper-explainability-robustness","scripts/run_baseline_evaluation.py","ec7a139e7de07b3ad222f7612718e15c8106c8d8e3f5f41ba95072d9cfc02eac","ec7a139e7de07b3ad222f7612718e15c8106c8d8e3f5f41ba95072d9cfc02eac","no"
"src/run_bilstm_baseline.py","cert-r42-paper-explainability-robustness","scripts/run_bilstm_baseline.py","bed1f8cf79007c2a86bf942ecfc7844441fec770c384108a7a63aef982da9fc7","bed1f8cf79007c2a86bf942ecfc7844441fec770c384108a7a63aef982da9fc7","no"
"src/run_fragmented_hybrid_baseline.py","cert-r42-paper-explainability-robustness","scripts/run_fragmented_hybrid_baseline.py","bb24d79473ad06397b2ad0addff6fbcabb4eea9058214102f76b4cc004596dd2","bb24d79473ad06397b2ad0addff6fbcabb4eea9058214102f76b4cc004596dd2","no"
"src/run_objective2_r52_matched_temporal_learning.py","cert-r52-matched-temporal-learning","scripts/run_objective2_r52_matched_temporal_learning.py","c9e7a44e27bcd2bb954b7d486855388775c7198e7a7adea4917eb3251dff4b82","c9e7a44e27bcd2bb954b7d486855388775c7198e7a7adea4917eb3251dff4b82","no"
"src/run_objective2_r52_same_information_baselines.py","cert-r52-same-information-baselines","scripts/run_objective2_r52_same_information_baselines.py","d11c4704391726db8c518504899c0acc730840a5821d95a2818d7833cb5305dd","d11c4704391726db8c518504899c0acc730840a5821d95a2818d7833cb5305dd","no"
"src/run_objective2_r52_teacher_anchored_reproducibility.py","cert-r52-teacher-anchored-reproducibility","scripts/run_objective2_r52_teacher_anchored_reproducibility.py","445b2221fc358ac0fee154f428f1f635c192c4f5bae6aea3fcb4d4273f967119","eb63651973f97bfde5ecdc06e6614f65f3d449011d1ae70a525b1862a33aec91","no"
"src/run_objective2_r52_teacher_anchoring_ablation.py","cert-r42-feasibility","scripts/run_objective2_r52_teacher_anchoring_ablation.py","1e045881ea249ff40fa33ee694065e24c5e1383090f08ef732cbb068fa09b210","1e045881ea249ff40fa33ee694065e24c5e1383090f08ef732cbb068fa09b210","no"
"src/run_objective2_teacher_anchored_final_audit.py","cert-r42-objective2-final-audit","scripts/run_objective2_teacher_anchored_final_audit.py","38014239f23cd2bded89cced6903027e7f5092ffb2d50de73902d9670da7d109","5b56ae677b1dbc84128b5ad395481672497ccf05bbb5cba55185370117c89640","no"
"src/run_objective2_teacher_anchored_odst.py","cert-r42-teacher-anchored-odst","scripts/run_objective2_teacher_anchored_odst.py","4e1d2bd33ac33dd489e73c0469703155596a5454b916577b4575ef09490d5602","4e1d2bd33ac33dd489e73c0469703155596a5454b916577b4575ef09490d5602","no"
"src/run_objective2_temporal_value_analysis.py","cert-temporal-value-analysis","scripts/run_objective2_temporal_value_analysis.py","cea9a78f65a87bfd169f8a5af44a21634c7a50e4544ce90a27439a4c4dc472c8","cea9a78f65a87bfd169f8a5af44a21634c7a50e4544ce90a27439a4c4dc472c8","no"
"src/run_sequence_ensemble.py","cert-r42-paper-explainability-robustness","scripts/run_sequence_ensemble.py","0f025f138bb7767448bce745cf886ac54aecc6c3b8e13169b588e2e4dbef3ef4","0f025f138bb7767448bce745cf886ac54aecc6c3b8e13169b588e2e4dbef3ef4","no"
"src/run_soft_decision_forest.py","cert-r42-paper-explainability-robustness","scripts/run_soft_decision_forest.py","2b66ca2a7258e951266ead8a65aaa2f6042dc7338ef79aa7e00858724e50b9a9","2b66ca2a7258e951266ead8a65aaa2f6042dc7338ef79aa7e00858724e50b9a9","no"
"src/scripts/__init__.py","generated","","","b14aba617b299fc06f5bef472c18e4826342ff871cab0878a0815b9e1c36822c","generated"
"src/scripts/r52_locked_baselines/__init__.py","cert-r52-locked-baselines","scripts/r52_locked_baselines/__init__.py","a5dc28894aa0a3817e3fa4c8d9ca889d2bfa331db1c141f3afc95b4d6cb2ca15","a5dc28894aa0a3817e3fa4c8d9ca889d2bfa331db1c141f3afc95b4d6cb2ca15","no"
"src/scripts/r52_locked_baselines/consolidate.py","cert-r52-locked-baselines","scripts/r52_locked_baselines/consolidate.py","facce8cd8fe09890c973722df27b1afdcb0d2ac6a09a055572d12f1dc3365071","facce8cd8fe09890c973722df27b1afdcb0d2ac6a09a055572d12f1dc3365071","no"
"src/scripts/r52_locked_baselines/data.py","cert-r52-locked-baselines","scripts/r52_locked_baselines/data.py","dd47330f82791bc7c56d3d6019ce80bcd6ca31f497b9fffeabc9165f35b1b2f9","dd47330f82791bc7c56d3d6019ce80bcd6ca31f497b9fffeabc9165f35b1b2f9","no"
"src/scripts/r52_locked_baselines/evaluate_r52_test_guarded.py","cert-r52-locked-baselines","scripts/r52_locked_baselines/evaluate_r52_test_guarded.py","1f963c01a8e00750ef6b38ad9da4d7ff2be7e82ea29091ec3e5c8bf6d21cf729","50a7cfcca3b959e61a77af27fb1e6e7a91d00dc8d8cbd1e60373f253935e1b22","no"
"src/scripts/r52_locked_baselines/freeze_preregistration.py","cert-r52-locked-baselines","scripts/r52_locked_baselines/freeze_preregistration.py","90d712aa0bc20ed959b96419da72c446fa312ef0962ce891a9b9154163165648","90d712aa0bc20ed959b96419da72c446fa312ef0962ce891a9b9154163165648","no"
"src/scripts/r52_locked_baselines/guards.py","cert-r52-locked-baselines","scripts/r52_locked_baselines/guards.py","2c2762103d22e54c830f9b741081a421b07eef7b0390402a00dc6c0730f30096","2f93d34e29b930175f4e8145337395d1e44fd3426e55b2935d4c1ba036941ae8","no"
"src/scripts/r52_locked_baselines/inference.py","cert-r52-locked-baselines","scripts/r52_locked_baselines/inference.py","2ac85290c0ed3e6d1ff4ef326d4a4dd798489265d6c91ae8adcd781ee59201d1","2ac85290c0ed3e6d1ff4ef326d4a4dd798489265d6c91ae8adcd781ee59201d1","no"
"src/scripts/r52_locked_baselines/lock_configs.py","cert-r52-locked-baselines","scripts/r52_locked_baselines/lock_configs.py","516865a9064e060213f324bcc1974a69f54428c6aaf8bfdee3b56c706d60649b","516865a9064e060213f324bcc1974a69f54428c6aaf8bfdee3b56c706d60649b","no"
"src/scripts/r52_locked_baselines/metrics.py","cert-r52-locked-baselines","scripts/r52_locked_baselines/metrics.py","5bb6e870dc1f3bc23dea9d097094855643f1cdd98daa9f99c738125c837d52d1","5bb6e870dc1f3bc23dea9d097094855643f1cdd98daa9f99c738125c837d52d1","no"
"src/scripts/r52_locked_baselines/run_pipeline.py","cert-r52-locked-baselines","scripts/r52_locked_baselines/run_pipeline.py","56c33a40aafa14e24d3d1cbc80d0fccb66841b5a3b2366651c197067c808b544","56c33a40aafa14e24d3d1cbc80d0fccb66841b5a3b2366651c197067c808b544","no"
"src/scripts/r52_locked_baselines/safety.py","cert-r52-locked-baselines","scripts/r52_locked_baselines/safety.py","ec941b68c886debda961eacd0c8cc7ed73c2170d8e521ed4c785dd090ba3e773","ec941b68c886debda961eacd0c8cc7ed73c2170d8e521ed4c785dd090ba3e773","no"
"src/scripts/r52_locked_baselines/train.py","cert-r52-locked-baselines","scripts/r52_locked_baselines/train.py","108d71482acd88fe0a720e4c259345a182a4e1d0c302ca698a16a410306b3815","108d71482acd88fe0a720e4c259345a182a4e1d0c302ca698a16a410306b3815","no"
"src/scripts/r52_locked_baselines/write_freeze_manifest_v2.py","cert-r52-locked-baselines","scripts/r52_locked_baselines/write_freeze_manifest_v2.py","ead216c2bface43c8f7cbc288480dcd886da394269b6ac73cb7a3847c8e4fb4d","ead216c2bface43c8f7cbc288480dcd886da394269b6ac73cb7a3847c8e4fb4d","no"
"src/scripts/r52_locked_baselines/write_postrun_audit.py","cert-r52-locked-baselines","scripts/r52_locked_baselines/write_postrun_audit.py","a2f5d0c9ed6b26f943879f2a7390c62f32743e2f061eb93dbaed73505d77a2b7","a2f5d0c9ed6b26f943879f2a7390c62f32743e2f061eb93dbaed73505d77a2b7","no"
"src/summarize_ground_truth.py","cert-r42-paper-explainability-robustness","scripts/summarize_ground_truth.py","cad134bfb93150bde9097cd0879c6dc4a9eeaba86d49f0899f97a67dc5714a22","cad134bfb93150bde9097cd0879c6dc4a9eeaba86d49f0899f97a67dc5714a22","no"
"src/summarize_labelled_event_logs.py","cert-r42-paper-explainability-robustness","scripts/summarize_labelled_event_logs.py","74ded0836dde79265954328ccd6859bb1e45c6cc6c10582e119fad02debe6efe","74ded0836dde79265954328ccd6859bb1e45c6cc6c10582e119fad02debe6efe","no"
"tests/test_bilstm_baseline.py","cert-r42-paper-explainability-robustness","tests/test_bilstm_baseline.py","8723f1e759e6693a65b2c3bbe6783736e5ba5fa8b180c4083a4c926d28704de0","8723f1e759e6693a65b2c3bbe6783736e5ba5fa8b180c4083a4c926d28704de0","no"
"tests/test_dataset_readiness.py","cert-r42-paper-explainability-robustness","tests/test_dataset_readiness.py","dc071d1b82b244300a83bb9f9a4d04d4d3a946118b02f216dfe92ee27dc5ae84","615f0504474d9b19d75e110abe26d7e58ccbae0752853b8a8c9bb2f1ea162233","no"
"tests/test_fragmented_hybrid_baseline.py","cert-r42-paper-explainability-robustness","tests/test_fragmented_hybrid_baseline.py","338f3ab498d80bd42113284b219f4485f45cb5908b954f9939b041f2e317ac42","338f3ab498d80bd42113284b219f4485f45cb5908b954f9939b041f2e317ac42","no"
"tests/test_objective2_locked_pipeline.py","cert-r42-paper-explainability-robustness","tests/test_objective2_locked_pipeline.py","77cd8e68d611157345a5d032bbdbb20f6a6dc1d99826d6c1a5925dacd2dc00d5","77cd8e68d611157345a5d032bbdbb20f6a6dc1d99826d6c1a5925dacd2dc00d5","no"
"tests/test_sequence_ensemble.py","cert-r42-paper-explainability-robustness","tests/test_sequence_ensemble.py","d8ec281ac461c8d9346a030e19790b963013216e09247d0225725fccbddcf142","d8ec281ac461c8d9346a030e19790b963013216e09247d0225725fccbddcf142","no"
